source_id,name,age_group,url,doi,instances,features,label_level,license,access,production_use,notes
kaggle_toddler_2018,Autism screening data for toddlers,toddler,https://www.kaggle.com/datasets/fabdelja/autism-screening-for-toddlers,,1054,18,L0,"À vérifier sur Kaggle et auprès du producteur",public_page,reproduction_only,"Classe dérivée de Q-CHAT-10; vérifier provenance, licence et doublons"
uci_child_419,Autistic Spectrum Disorder Screening Data for Children,child,https://archive.ics.uci.edu/dataset/419/autistic+spectrum+disorder+screening+data+for+children,10.24432/C5659W,292,20,L0,CC BY 4.0,public,reproduction_only,"Classe principalement dérivée d'AQ-10; valeurs manquantes"
uci_adolescent_420,Autistic Spectrum Disorder Screening Data for Adolescent,adolescent,https://archive.ics.uci.edu/dataset/420/autistic+spectrum+disorder+screening+data+for+adolescent,10.24432/C5V89T,104,21,L0,CC BY 4.0,public,reproduction_only,"Petit effectif; classe dérivée d'AQ-10"
uci_adult_426,Autism Screening Adult,adult,https://archive.ics.uci.edu/dataset/426/autism+screening+adult,10.24432/C5F019,704,20,L0,CC BY 4.0,public,reproduction_only,"Retirer result/score et champs postérieurs à la cible"
sfari_spark,SPARK / SFARI Base,multi-age,https://base.sfari.org/,,unknown,variable,L1-L4,controlled,application_required,research_candidate,"Vérifier chaque collection, protocole diagnostique et droits de redistribution"
nimh_nda,NIMH Data Archive / NDAR,multi-age,https://nda.nih.gov/,,unknown,variable,L1-L4,controlled,application_required,research_candidate,"Construire une cohorte par étude; ne pas mélanger les cibles sans harmonisation"
abide,Autism Brain Imaging Data Exchange,child-adult,http://fcon_1000.projects.nitrc.org/indi/abide/,,2000+,imaging+phenotype,L2-L4,repository_terms,registration,separate_research_track,"Hors formulaire tabulaire; multi-sites et forte hétérogénéité"
healthy_brain_network,Healthy Brain Network,child-adolescent,https://fcon_1000.projects.nitrc.org/indi/cmi_healthy_brain_network/,,unknown,clinical+behavioral+imaging,L2-L4,repository_terms,registration,research_candidate,"Intérêt pour diagnostics différentiels et données transdiagnostiques"
fr_prospective,French prospective clinical cohort,multi-age,TO_CREATE,,0,TO_DEFINE,L4,study_protocol,ethics_and_consent,required_before_clinical_claim,"Cohorte de validation externe française, groupes TSA et diagnostics différentiels"
